<?xml version="1.0" encoding="UTF-8"?>
<metadata xml:lang="en"><Esri><CreaDate>20141106</CreaDate><CreaTime>14181100</CreaTime><SyncOnce>FALSE</SyncOnce><SyncDate>20100831</SyncDate><SyncTime>10345500</SyncTime><ModDate>20100831</ModDate><ModTime>10345500</ModTime><DataProperties><lineage><Process ToolSource="c:\program files\arcgis\desktop10.1\ArcToolbox\Toolboxes\Data Management Tools.tbx\CalculateField" Date="20130205" Time="142525">CalculateField POLLING_DIVISION GEOGRAPHIC_INDICATOR 1 VB #</Process><Process ToolSource="c:\program files\arcgis\desktop10.1\ArcToolbox\Toolboxes\Data Management Tools.tbx\CalculateField" Date="20130719" Time="125258">CalculateField POLLING_DIVISION KPI05 ""PD " &amp; [POLL_DIVISION_NUMBER]" VB #</Process><Process ToolSource="c:\program files\arcgis\desktop10.1\ArcToolbox\Toolboxes\Data Management Tools.tbx\CalculateField" Date="20130909" Time="160230">CalculateField POLLING_DIVISION KPI03 ""00" &amp; Chr( [ED_ID])" VB #</Process><Process ToolSource="c:\program files\arcgis\desktop10.1\ArcToolbox\Toolboxes\Data Management Tools.tbx\CalculateField" Date="20130909" Time="161459">CalculateField POLLING_DIVISION DATA_COMPILER ""00" &amp; [ED_ID] 
" VB #</Process><Process ToolSource="c:\program files\arcgis\desktop10.1\ArcToolbox\Toolboxes\Data Management Tools.tbx\CalculateField" Date="20130909" Time="161814">CalculateField POLLING_DIVISION DATA_COMPILER ""0" &amp; [ED_ID] 
" VB #</Process><Process ToolSource="c:\program files\arcgis\desktop10.1\ArcToolbox\Toolboxes\Data Management Tools.tbx\CalculateField" Date="20130909" Time="163801">CalculateField POLLING_DIVISION DATA_COMPILER ""00" &amp; [ED_ID] " VB #</Process><Process ToolSource="c:\program files\arcgis\desktop10.1\ArcToolbox\Toolboxes\Data Management Tools.tbx\CalculateField" Date="20130909" Time="163849">CalculateField POLLING_DIVISION DATA_COMPILER ""00" &amp; [ED_ID]" VB #</Process><Process ToolSource="c:\program files\arcgis\desktop10.1\ArcToolbox\Toolboxes\Data Management Tools.tbx\CalculateField" Date="20130909" Time="163955">CalculateField POLLING_DIVISION DATA_COMPILER ""0" &amp; [ED_ID]" VB #</Process><Process ToolSource="c:\program files\arcgis\desktop10.1\ArcToolbox\Toolboxes\Data Management Tools.tbx\CalculateField" Date="20130909" Time="164027">CalculateField POLLING_DIVISION DATA_COMPILER ""0" &amp; [ED_ID]" VB #</Process><Process ToolSource="c:\program files\arcgis\desktop10.1\ArcToolbox\Toolboxes\Data Management Tools.tbx\CalculateField" Date="20130909" Time="164115">CalculateField POLLING_DIVISION DATA_COMPILER [ED_ID] VB #</Process><Process ToolSource="c:\program files\arcgis\desktop10.1\ArcToolbox\Toolboxes\Data Management Tools.tbx\CalculateField" Date="20130909" Time="164121">CalculateField POLLING_DIVISION DATA_COMPILER ""0" &amp; [ED_ID]" VB #</Process><Process ToolSource="c:\program files\arcgis\desktop10.1\ArcToolbox\Toolboxes\Data Management Tools.tbx\CalculateField" Date="20130909" Time="164417">CalculateField POLLING_DIVISION DATA_COMPILER [ED_ID] VB #</Process><Process ToolSource="c:\program files\arcgis\desktop10.1\ArcToolbox\Toolboxes\Data Management Tools.tbx\CalculateField" Date="20130909" Time="164534">CalculateField POLLING_DIVISION DATA_COMPILER ""0" &amp; [ED_ID]" VB #</Process><Process ToolSource="c:\program files\arcgis\desktop10.1\ArcToolbox\Toolboxes\Data Management Tools.tbx\CalculateField" Date="20130910" Time="080343">CalculateField POLLING_DIVISION DATA_COMPILER [ED_ID] VB #</Process><Process ToolSource="c:\program files\arcgis\desktop10.1\ArcToolbox\Toolboxes\Data Management Tools.tbx\CalculateField" Date="20130910" Time="083421">CalculateField POLLING_DIVISION DATA_COMPILER ""0" &amp; [ED_ID]" VB #</Process><Process ToolSource="c:\program files\arcgis\desktop10.1\ArcToolbox\Toolboxes\Data Management Tools.tbx\CalculateField" Date="20130910" Time="083855">CalculateField POLLING_DIVISION DATA_COMPILER ""00" &amp; [ED_ID]" VB #</Process><Process ToolSource="c:\program files\arcgis\desktop10.1\ArcToolbox\Toolboxes\Data Management Tools.tbx\CalculateField" Date="20130910" Time="084013">CalculateField "Polling Division Boundaries" DATA_COMPILER ""00" &amp; [ED_ID] " VB #</Process><Process ToolSource="c:\program files\arcgis\desktop10.1\ArcToolbox\Toolboxes\Data Management Tools.tbx\CalculateField" Date="20130910" Time="084330">CalculateField POLLING_DIVISION DATA_COMPILER ""0" &amp; [ED_ID]" VB #</Process><Process ToolSource="c:\program files\arcgis\desktop10.1\ArcToolbox\Toolboxes\Data Management Tools.tbx\CalculateField" Date="20130910" Time="084400">CalculateField "Polling Division Boundaries" DATA_COMPILER ""0" &amp; [ED_ID]" VB #</Process><Process ToolSource="c:\program files\arcgis\desktop10.1\ArcToolbox\Toolboxes\Data Management Tools.tbx\CalculateField" Date="20130910" Time="084544">CalculateField "Polling Division Boundaries" DATA_COMPILER [ED_ID] VB #</Process><Process ToolSource="c:\program files\arcgis\desktop10.1\ArcToolbox\Toolboxes\Data Management Tools.tbx\CalculateField" Date="20130910" Time="085731">CalculateField POLLING_DIVISION DATA_COMPILER ""0" &amp; [ED_ID]" VB #</Process><Process ToolSource="c:\program files\arcgis\desktop10.1\ArcToolbox\Toolboxes\Data Management Tools.tbx\CalculateField" Date="20130910" Time="085825">CalculateField POLLING_DIVISION DATA_COMPILER 056 VB #</Process><Process ToolSource="c:\program files\arcgis\desktop10.1\ArcToolbox\Toolboxes\Data Management Tools.tbx\CalculateField" Date="20130910" Time="085922">CalculateField POLLING_DIVISION DATA_COMPILER ""0" &amp; [ED_ID]" VB #</Process><Process ToolSource="c:\program files\arcgis\desktop10.1\ArcToolbox\Toolboxes\Data Management Tools.tbx\CalculateField" Date="20130910" Time="085944">CalculateField POLLING_DIVISION DATA_COMPILER ""0" &amp; [ED_ID]" VB #</Process><Process ToolSource="c:\program files\arcgis\desktop10.1\ArcToolbox\Toolboxes\Data Management Tools.tbx\CalculateField" Date="20130910" Time="092055">CalculateField POLLING_DIVISION DATA_COMPILER ""00" &amp; [ED_ID] 
" VB #</Process><Process ToolSource="c:\program files\arcgis\desktop10.1\ArcToolbox\Toolboxes\Data Management Tools.tbx\CalculateField" Date="20130910" Time="092128">CalculateField POLLING_DIVISION DATA_COLLECTION_DATE ""00" + [ED_ID]" VB #</Process><Process ToolSource="c:\program files\arcgis\desktop10.1\ArcToolbox\Toolboxes\Data Management Tools.tbx\CalculateField" Date="20130910" Time="092210">CalculateField POLLING_DIVISION DATA_COMPILER ""00" + [ED_ID]" VB #</Process><Process ToolSource="c:\program files\arcgis\desktop10.1\ArcToolbox\Toolboxes\Data Management Tools.tbx\CalculateField" Date="20130910" Time="092242">CalculateField POLLING_DIVISION DATA_COMPILER ""00" &amp; [ED_ID]" VB #</Process><Process ToolSource="c:\program files\arcgis\desktop10.1\ArcToolbox\Toolboxes\Data Management Tools.tbx\CalculateField" Date="20130910" Time="092314">CalculateField POLLING_DIVISION DATA_COMPILER ""00" &amp; [ED_ID]" VB #</Process><Process ToolSource="c:\program files\arcgis\desktop10.1\ArcToolbox\Toolboxes\Data Management Tools.tbx\CalculateField" Date="20130910" Time="092438">CalculateField POLLING_DIVISION DATA_COMPILER ""0" &amp; [ED_ID] 
" VB #</Process><Process ToolSource="c:\program files\arcgis\desktop10.1\ArcToolbox\Toolboxes\Data Management Tools.tbx\CalculateField" Date="20130910" Time="092547">CalculateField POLLING_DIVISION DATA_COMPILER ""00" &amp; [ED_ID]" VB #</Process><Process ToolSource="c:\program files\arcgis\desktop10.1\ArcToolbox\Toolboxes\Data Management Tools.tbx\CalculateField" Date="20130910" Time="092720">CalculateField POLLING_DIVISION DATA_COMPILER ""0" &amp; [ED_ID] 
" VB #</Process><Process ToolSource="c:\program files\arcgis\desktop10.1\ArcToolbox\Toolboxes\Data Management Tools.tbx\CalculateField" Date="20130910" Time="092808">CalculateField POLLING_DIVISION DATA_COMPILER ""0" &amp; [ED_ID]" VB #</Process><Process ToolSource="c:\program files\arcgis\desktop10.1\ArcToolbox\Toolboxes\Data Management Tools.tbx\CalculateField" Date="20130910" Time="093416">CalculateField POLLING_DIVISION DATA_COMPILER [ED_ID] VB #</Process><Process ToolSource="c:\program files\arcgis\desktop10.1\ArcToolbox\Toolboxes\Data Management Tools.tbx\CalculateField" Date="20130910" Time="093537">CalculateField POLLING_DIVISION DATA_COMPILER ""0" &amp; [ED_ID]
" VB #</Process><Process ToolSource="c:\program files\arcgis\desktop10.1\ArcToolbox\Toolboxes\Data Management Tools.tbx\CalculateField" Date="20130910" Time="094744">CalculateField POLLING_DIVISION DATA_COMPILER ""00" &amp; [ED_ID] 
" VB #</Process><Process ToolSource="c:\program files\arcgis\desktop10.1\ArcToolbox\Toolboxes\Data Management Tools.tbx\CalculateField" Date="20130910" Time="095902">CalculateField POLLING_DIVISION DATA_COMPILER ""00" &amp; [ED_ID] 
" VB #</Process><Process ToolSource="c:\program files\arcgis\desktop10.1\ArcToolbox\Toolboxes\Data Management Tools.tbx\CalculateField" Date="20130910" Time="130438">CalculateField POLLING_DIVISION DATA_COMPILER ""00" &amp; [ED_ID]" VB #</Process><Process ToolSource="c:\program files\arcgis\desktop10.1\ArcToolbox\Toolboxes\Data Management Tools.tbx\CalculateField" Date="20130910" Time="130730">CalculateField POLLING_DIVISION DATA_COMPILER ""0" &amp; [ED_ID]" VB #</Process><Process ToolSource="c:\program files\arcgis\desktop10.1\ArcToolbox\Toolboxes\Data Management Tools.tbx\CalculateField" Date="20130910" Time="130851">CalculateField POLLING_DIVISION DATA_COMPILER [ED_ID] VB #</Process><Process ToolSource="c:\program files\arcgis\desktop10.1\ArcToolbox\Toolboxes\Data Management Tools.tbx\CalculateField" Date="20131114" Time="152131">CalculateField "Polling Division Boundaries" KPI05 ""PD" &amp; " " &amp; [POLL_DIVISION_LABEL]" VB #</Process><Process ToolSource="c:\program files\arcgis\desktop10.1\ArcToolbox\Toolboxes\Data Management Tools.tbx\CalculateField" Date="20131114" Time="152740">CalculateField "Polling Division Boundaries" POLL_DIVISION_SUFFIX 1 VB #</Process><Process ToolSource="c:\program files\arcgis\desktop10.1\ArcToolbox\Toolboxes\Data Management Tools.tbx\CalculateField" Date="20131114" Time="155101">CalculateField "Polling Division Boundaries" POLL_DIVISION_SUFFIX 1 VB #</Process><Process ToolSource="c:\program files\arcgis\desktop10.1\ArcToolbox\Toolboxes\Data Management Tools.tbx\CalculateField" Date="20131114" Time="155733">CalculateField "Polling Division Boundaries" KPI05 ""PD" &amp; " " &amp; [POLL_DIVISION_LABEL]" VB #</Process><Process ToolSource="c:\program files\arcgis\desktop10.1\ArcToolbox\Toolboxes\Data Management Tools.tbx\ChangeVersion" Date="20140806" Time="142844">ChangeVersion POLLING_DIVISION TRANSACTIONAL SDE.butcherj_EDITS "8/6/2014 2:28:13 PM"</Process><Process ToolSource="c:\program files\arcgis\desktop10.1\ArcToolbox\Toolboxes\Data Management Tools.tbx\ChangeVersion" Date="20140826" Time="151503">ChangeVersion POLLING_DIVISION TRANSACTIONAL SDE.butcherj_EDITS #</Process><Process ToolSource="c:\program files\arcgis\desktop10.1\ArcToolbox\Toolboxes\Data Management Tools.tbx\ChangeVersion" Date="20140826" Time="170026">ChangeVersion POLLING_DIVISION TRANSACTIONAL SDE.butcherj_EDITS #</Process><Process ToolSource="c:\program files\arcgis\desktop10.1\ArcToolbox\Toolboxes\Data Management Tools.tbx\ChangeVersion" Date="20140826" Time="170051">ChangeVersion POLLING_DIVISION TRANSACTIONAL SDE.butcherj_EDITS #</Process><Process ToolSource="c:\program files\arcgis\desktop10.1\ArcToolbox\Toolboxes\Data Management Tools.tbx\ChangeVersion" Date="20140826" Time="170527">ChangeVersion POLLING_DIVISION TRANSACTIONAL SDE.butcherj_EDITS #</Process><Process ToolSource="c:\program files\arcgis\desktop10.1\ArcToolbox\Toolboxes\Data Management Tools.tbx\ChangeVersion" Date="20140826" Time="170724">ChangeVersion POLLING_DIVISION TRANSACTIONAL SDE.butcherj_EDITS #</Process><Process ToolSource="c:\program files\arcgis\desktop10.1\ArcToolbox\Toolboxes\Data Management Tools.tbx\ChangeVersion" Date="20140829" Time="161315">ChangeVersion POLLING_DIVISION TRANSACTIONAL SDE.butcherj_EDITS #</Process><Process ToolSource="c:\program files\arcgis\desktop10.1\ArcToolbox\Toolboxes\Data Management Tools.tbx\ChangeVersion" Date="20140829" Time="161921">ChangeVersion POLLING_DIVISION TRANSACTIONAL SDE.butcherj_EDITS #</Process><Process ToolSource="c:\program files\arcgis\desktop10.1\ArcToolbox\Toolboxes\Data Management Tools.tbx\ChangeVersion" Date="20140905" Time="115549">ChangeVersion POLLING_DIVISION TRANSACTIONAL SDE.butcherj_EDITS #</Process><Process ToolSource="c:\program files\arcgis\desktop10.1\ArcToolbox\Toolboxes\Data Management Tools.tbx\ChangeVersion" Date="20140905" Time="120746">ChangeVersion POLLING_DIVISION TRANSACTIONAL SDE.butcherj_EDITS #</Process><Process ToolSource="c:\program files\arcgis\desktop10.1\ArcToolbox\Toolboxes\Data Management Tools.tbx\ChangeVersion" Date="20140905" Time="120830">ChangeVersion POLLING_DIVISION TRANSACTIONAL SDE.butcherj_EDITS #</Process></lineage></DataProperties><ArcGISFormat>1.0</ArcGISFormat></Esri><idinfo><native Sync="TRUE">Microsoft Windows XP Version 5.1 (Build 2600) Service Pack 2; ESRI ArcCatalog 9.1.0.780</native><descript><langdata Sync="TRUE">en</langdata><abstract>REQUIRED: A brief narrative summary of the data set.</abstract><purpose>REQUIRED: A summary of the intentions with which the data set was developed.</purpose></descript><citation><citeinfo><origin>REQUIRED: The name of an organization or individual that developed the data set.</origin><pubdate>REQUIRED: The date when the data set is published or otherwise made available for release.</pubdate><title Sync="TRUE">ems01.GIS_ADMIN.POLLING_DIVISION</title><ftname Sync="TRUE">ems01.GIS_ADMIN.POLLING_DIVISION</ftname><geoform Sync="TRUE">vector digital data</geoform><onlink Sync="TRUE">Server=sqlclusterb; Service=sde:sqlserver:sqlclusterb; Database=ems01; User=\; Version=SDE.burnettl_EDITS</onlink></citeinfo></citation><timeperd><current>REQUIRED: The basis on which the time period of content information is determined.</current><timeinfo><sngdate><caldate>REQUIRED: The year (and optionally month, or month and day) for which the data set corresponds to the ground.</caldate></sngdate></timeinfo></timeperd><status><progress>REQUIRED: The state of the data set.</progress><update>REQUIRED: The frequency with which changes and additions are made to the data set after the initial data set is completed.</update></status><spdom><bounding><westbc Sync="TRUE">-97.011461</westbc><eastbc Sync="TRUE">-71.718077</eastbc><northbc Sync="TRUE">56.946075</northbc><southbc Sync="TRUE">41.228312</southbc></bounding><lboundng><leftbc Sync="TRUE">196190.770000</leftbc><rightbc Sync="TRUE">1757905.910000</rightbc><bottombc Sync="TRUE">5259487.117000</bottombc><topbc Sync="TRUE">6955241.546189</topbc></lboundng></spdom><keywords><theme><themekt>REQUIRED: Reference to a formally registered thesaurus or a similar authoritative source of theme keywords.</themekt><themekey>REQUIRED: Common-use word or phrase used to describe the subject of the data set.</themekey></theme></keywords><accconst>REQUIRED: Restrictions and legal prerequisites for accessing the data set.</accconst><useconst>REQUIRED: Restrictions and legal prerequisites for using the data set after access is granted.</useconst><natvform Sync="TRUE">SDE Feature Class</natvform></idinfo><dataIdInfo><envirDesc Sync="TRUE">Microsoft Windows XP Version 5.1 (Build 2600) Service Pack 2; ESRI ArcCatalog 9.1.0.780</envirDesc><dataLang><languageCode Sync="TRUE" value="en"/></dataLang><idCitation><resTitle Sync="TRUE">ems01.GIS_ADMIN.POLLING_DIVISION</resTitle><presForm><PresFormCd Sync="TRUE" value="005"/></presForm></idCitation><spatRpType><SpatRepTypCd Sync="TRUE" value="001"/></spatRpType><dataExt><geoEle><GeoBndBox esriExtentType="native"><westBL Sync="TRUE">196190.77</westBL><eastBL Sync="TRUE">1757905.91</eastBL><northBL Sync="TRUE">6955241.546189</northBL><southBL Sync="TRUE">5259487.117</southBL><exTypeCode Sync="TRUE">1</exTypeCode></GeoBndBox></geoEle></dataExt><geoBox esriExtentType="decdegrees"><westBL Sync="TRUE">-97.011461</westBL><eastBL Sync="TRUE">-71.718077</eastBL><northBL Sync="TRUE">56.946075</northBL><southBL Sync="TRUE">41.228312</southBL><exTypeCode Sync="TRUE">1</exTypeCode></geoBox></dataIdInfo><metainfo><langmeta Sync="TRUE">en</langmeta><metstdn Sync="TRUE">FGDC Content Standards for Digital Geospatial Metadata</metstdn><metstdv Sync="TRUE">FGDC-STD-001-1998</metstdv><mettc Sync="TRUE">local time</mettc><metextns><onlink Sync="TRUE">http://www.esri.com/metadata/esriprof80.html</onlink><metprof Sync="TRUE">ESRI Metadata Profile</metprof></metextns><metc><cntinfo><cntorgp><cntper>REQUIRED: The person responsible for the metadata information.</cntper><cntorg>REQUIRED: The organization responsible for the metadata information.</cntorg></cntorgp><cntaddr><addrtype>REQUIRED: The mailing and/or physical address for the organization or individual.</addrtype><city>REQUIRED: The city of the address.</city><state>REQUIRED: The state or province of the address.</state><postal>REQUIRED: The ZIP or other postal code of the address.</postal></cntaddr><cntvoice>REQUIRED: The telephone number by which individuals can speak to the organization or individual.</cntvoice></cntinfo></metc><metd Sync="TRUE">20100831</metd></metainfo><mdLang><languageCode Sync="TRUE" value="en"/></mdLang><mdStanName Sync="TRUE">ISO 19115 Geographic Information - Metadata</mdStanName><mdStanVer Sync="TRUE">DIS_ESRI1.0</mdStanVer><mdChar><CharSetCd Sync="TRUE" value="004"/></mdChar><mdHrLv><ScopeCd Sync="TRUE" value="005"/></mdHrLv><mdHrLvName Sync="TRUE">dataset</mdHrLvName><distinfo><resdesc Sync="TRUE">Downloadable Data</resdesc></distinfo><distInfo><distributor><distorTran><onLineSrc><orDesc Sync="TRUE">002</orDesc><linkage Sync="TRUE">Server=sqlclusterb; Service=sde:sqlserver:sqlclusterb; Database=ems01; User=\; Version=SDE.burnettl_EDITS</linkage><protocol Sync="TRUE">ArcSDE Connection</protocol></onLineSrc></distorTran><distorFormat><formatName Sync="TRUE">SDE Feature Class</formatName></distorFormat></distributor></distInfo><spdoinfo><direct Sync="TRUE">Vector</direct><ptvctinf><esriterm Name="ems01.GIS_ADMIN.POLLING_DIVISION"><efeatyp Sync="TRUE">Simple</efeatyp><efeageom Sync="TRUE">Polygon</efeageom><esritopo Sync="TRUE">TRUE</esritopo><efeacnt Sync="TRUE">24116</efeacnt><spindex Sync="TRUE">TRUE</spindex><linrefer Sync="TRUE">FALSE</linrefer><XYRank Sync="TRUE">5</XYRank><ZRank Sync="TRUE">1</ZRank><topoWeight Sync="TRUE">5.000000</topoWeight><validateEvents Sync="TRUE">FALSE</validateEvents><partTopoRules><topoRuleID Sync="TRUE">9</topoRuleID></partTopoRules><partTopoRules><topoRuleID Sync="TRUE">10</topoRuleID></partTopoRules><partTopoRules><topoRuleID Sync="TRUE">11</topoRuleID></partTopoRules><partTopoRules><topoRuleID Sync="TRUE">14</topoRuleID></partTopoRules><partTopoRules><topoRuleID Sync="TRUE">15</topoRuleID></partTopoRules><partTopoRules><topoRuleID Sync="TRUE">16</topoRuleID></partTopoRules></esriterm><sdtsterm Name="ems01.GIS_ADMIN.POLLING_DIVISION"><sdtstype Sync="TRUE">G-polygon</sdtstype><ptvctcnt Sync="TRUE">24116</ptvctcnt></sdtsterm></ptvctinf></spdoinfo><spref><horizsys><cordsysn><geogcsn Sync="TRUE">GCS_North_American_1983</geogcsn><projcsn Sync="TRUE">EO_Lambert_Conformal_Conic</projcsn></cordsysn><planar><mapproj><mapprojn Sync="TRUE">Lambert Conformal Conic</mapprojn><lambertc><stdparll Sync="TRUE">44.500000</stdparll><stdparll Sync="TRUE">54.500000</stdparll><longcm Sync="TRUE">-84.000000</longcm><latprjo Sync="TRUE">0.000000</latprjo><feast Sync="TRUE">1000000.000000</feast><fnorth Sync="TRUE">0.000000</fnorth></lambertc></mapproj><planci><plance Sync="TRUE">coordinate pair</plance><plandu Sync="TRUE">meters</plandu><coordrep><absres Sync="TRUE">0.001000</absres><ordres Sync="TRUE">0.001000</ordres></coordrep></planci></planar><geodetic><horizdn Sync="TRUE">North American Datum of 1983</horizdn><ellips Sync="TRUE">Geodetic Reference System 80</ellips><semiaxis Sync="TRUE">6378137.000000</semiaxis><denflat Sync="TRUE">298.257222</denflat></geodetic></horizsys><vertdef><altsys><altenc Sync="TRUE">Explicit elevation coordinate included with horizontal coordinates</altenc><altres Sync="TRUE">1.000000</altres></altsys></vertdef></spref><refSysInfo><RefSystem><refSysID><identCode Sync="TRUE">EO_Lambert_Conformal_Conic</identCode></refSysID></RefSystem></refSysInfo><spatRepInfo><VectSpatRep><topLvl><TopoLevCd Sync="TRUE" value="001"/></topLvl><geometObjs Name="ems01.GIS_ADMIN.POLLING_DIVISION"><geoObjTyp><GeoObjTypCd Sync="TRUE" value="001"/></geoObjTyp><geoObjCnt Sync="TRUE">24116</geoObjCnt></geometObjs></VectSpatRep></spatRepInfo><eainfo><detailed Name="ems01.GIS_ADMIN.POLLING_DIVISION"><enttyp><enttypl Sync="TRUE">ems01.GIS_ADMIN.POLLING_DIVISION</enttypl><enttypt Sync="TRUE">Feature Class</enttypt><enttypc Sync="TRUE">24116</enttypc></enttyp><attr><attrlabl Sync="TRUE">POLL_DIVISION_ID</attrlabl><attalias Sync="TRUE">POLL_DIVISION_ID</attalias><attrtype Sync="TRUE">Integer</attrtype><attwidth Sync="TRUE">4</attwidth><atprecis Sync="TRUE">10</atprecis><attscale Sync="TRUE">0</attscale></attr><attr><attrlabl Sync="TRUE">ED_ID</attrlabl><attalias Sync="TRUE">ED_ID</attalias><attrtype Sync="TRUE">Integer</attrtype><attwidth Sync="TRUE">4</attwidth><atprecis Sync="TRUE">10</atprecis><attscale Sync="TRUE">0</attscale></attr><attr><attrlabl Sync="TRUE">POLL_DIVISION_NUMBER</attrlabl><attalias Sync="TRUE">POLL_DIVISION_NUMBER</attalias><attrtype Sync="TRUE">Integer</attrtype><attwidth Sync="TRUE">4</attwidth><atprecis Sync="TRUE">10</atprecis><attscale Sync="TRUE">0</attscale></attr><attr><attrlabl Sync="TRUE">POLL_DIVISION_SUFFIX</attrlabl><attalias Sync="TRUE">POLL_DIVISION_SUFFIX</attalias><attrtype Sync="TRUE">Integer</attrtype><attwidth Sync="TRUE">4</attwidth><atprecis Sync="TRUE">10</atprecis><attscale Sync="TRUE">0</attscale></attr><attr><attrlabl Sync="TRUE">POLL_DIVISION_LABEL</attrlabl><attalias Sync="TRUE">POLL_DIVISION_LABEL</attalias><attrtype Sync="TRUE">String</attrtype><attwidth Sync="TRUE">64</attwidth><atprecis Sync="TRUE">0</atprecis><attscale Sync="TRUE">0</attscale></attr><attr><attrlabl Sync="TRUE">POLL_DIVISION_TYPE</attrlabl><attalias Sync="TRUE">POLL_DIVISION_TYPE</attalias><attrtype Sync="TRUE">String</attrtype><attwidth Sync="TRUE">1</attwidth><atprecis Sync="TRUE">0</atprecis><attscale Sync="TRUE">0</attscale></attr><attr><attrlabl Sync="TRUE">MAP_SCALE</attrlabl><attalias Sync="TRUE">MAP_SCALE</attalias><attrtype Sync="TRUE">Double</attrtype><attwidth Sync="TRUE">8</attwidth><atprecis Sync="TRUE">38</atprecis><attscale Sync="TRUE">8</attscale></attr><attr><attrlabl Sync="TRUE">MAP_ROTATION</attrlabl><attalias Sync="TRUE">MAP_ROTATION</attalias><attrtype Sync="TRUE">Integer</attrtype><attwidth Sync="TRUE">4</attwidth><atprecis Sync="TRUE">10</atprecis><attscale Sync="TRUE">0</attscale></attr><attr><attrlabl Sync="TRUE">VALIDATION_CODE</attrlabl><attalias Sync="TRUE">VALIDATION_CODE</attalias><attrtype Sync="TRUE">String</attrtype><attwidth Sync="TRUE">64</attwidth><atprecis Sync="TRUE">0</atprecis><attscale Sync="TRUE">0</attscale></attr><attr><attrlabl Sync="TRUE">EVENT_ID</attrlabl><attalias Sync="TRUE">EVENT_ID</attalias><attrtype Sync="TRUE">Integer</attrtype><attwidth Sync="TRUE">4</attwidth><atprecis Sync="TRUE">10</atprecis><attscale Sync="TRUE">0</attscale></attr><attr><attrlabl Sync="TRUE">EVENT_STATUS</attrlabl><attalias Sync="TRUE">EVENT_STATUS</attalias><attrtype Sync="TRUE">Integer</attrtype><attwidth Sync="TRUE">4</attwidth><atprecis Sync="TRUE">10</atprecis><attscale Sync="TRUE">0</attscale></attr><attr><attrlabl Sync="TRUE">VOTING_LOCATION_ID</attrlabl><attalias Sync="TRUE">VOTING_LOCATION_ID</attalias><attrtype Sync="TRUE">Integer</attrtype><attwidth Sync="TRUE">4</attwidth><atprecis Sync="TRUE">10</atprecis><attscale Sync="TRUE">0</attscale></attr><attr><attrlabl Sync="TRUE">SPLIT_FLAG</attrlabl><attalias Sync="TRUE">SPLIT_FLAG</attalias><attrtype Sync="TRUE">String</attrtype><attwidth Sync="TRUE">1</attwidth><atprecis Sync="TRUE">0</atprecis><attscale Sync="TRUE">0</attscale></attr><attr><attrlabl Sync="TRUE">ELECTOR_COUNT</attrlabl><attalias Sync="TRUE">ELECTOR_COUNT</attalias><attrtype Sync="TRUE">Integer</attrtype><attwidth Sync="TRUE">4</attwidth><atprecis Sync="TRUE">10</atprecis><attscale Sync="TRUE">0</attscale></attr><attr><attrlabl Sync="TRUE">ESTIMATED_ELECTOR_COUNT</attrlabl><attalias Sync="TRUE">ESTIMATED_ELECTOR_COUNT</attalias><attrtype Sync="TRUE">Integer</attrtype><attwidth Sync="TRUE">4</attwidth><atprecis Sync="TRUE">10</atprecis><attscale Sync="TRUE">0</attscale></attr><attr><attrlabl Sync="TRUE">POLL_OPEN_STATUS</attrlabl><attalias Sync="TRUE">POLL_OPEN_STATUS</attalias><attrtype Sync="TRUE">String</attrtype><attwidth Sync="TRUE">32</attwidth><atprecis Sync="TRUE">0</atprecis><attscale Sync="TRUE">0</attscale></attr><attr><attrlabl Sync="TRUE">OVERRIDE_ED_ID</attrlabl><attalias Sync="TRUE">OVERRIDE_ED_ID</attalias><attrtype Sync="TRUE">Integer</attrtype><attwidth Sync="TRUE">4</attwidth><atprecis Sync="TRUE">10</atprecis><attscale Sync="TRUE">0</attscale></attr><attr><attrlabl Sync="TRUE">KPI01</attrlabl><attalias Sync="TRUE">KPI01</attalias><attrtype Sync="TRUE">Double</attrtype><attwidth Sync="TRUE">8</attwidth><atprecis Sync="TRUE">20</atprecis><attscale Sync="TRUE">8</attscale></attr><attr><attrlabl Sync="TRUE">KPI02</attrlabl><attalias Sync="TRUE">KPI02</attalias><attrtype Sync="TRUE">Double</attrtype><attwidth Sync="TRUE">8</attwidth><atprecis Sync="TRUE">20</atprecis><attscale Sync="TRUE">8</attscale></attr><attr><attrlabl Sync="TRUE">KPI03</attrlabl><attalias Sync="TRUE">KPI03</attalias><attrtype Sync="TRUE">Double</attrtype><attwidth Sync="TRUE">8</attwidth><atprecis Sync="TRUE">20</atprecis><attscale Sync="TRUE">8</attscale></attr><attr><attrlabl Sync="TRUE">KPI04</attrlabl><attalias Sync="TRUE">KPI04</attalias><attrtype Sync="TRUE">String</attrtype><attwidth Sync="TRUE">64</attwidth><atprecis Sync="TRUE">0</atprecis><attscale Sync="TRUE">0</attscale></attr><attr><attrlabl Sync="TRUE">KPI05</attrlabl><attalias Sync="TRUE">KPI05</attalias><attrtype Sync="TRUE">String</attrtype><attwidth Sync="TRUE">64</attwidth><atprecis Sync="TRUE">0</atprecis><attscale Sync="TRUE">0</attscale></attr><attr><attrlabl Sync="TRUE">GROUP_ID</attrlabl><attalias Sync="TRUE">GROUP_ID</attalias><attrtype Sync="TRUE">Integer</attrtype><attwidth Sync="TRUE">4</attwidth><atprecis Sync="TRUE">10</atprecis><attscale Sync="TRUE">0</attscale></attr><attr><attrlabl Sync="TRUE">UPDATE_USER_NAME</attrlabl><attalias Sync="TRUE">UPDATE_USER_NAME</attalias><attrtype Sync="TRUE">String</attrtype><attwidth Sync="TRUE">64</attwidth><atprecis Sync="TRUE">0</atprecis><attscale Sync="TRUE">0</attscale></attr><attr><attrlabl Sync="TRUE">UPDATE_DATE_TIME</attrlabl><attalias Sync="TRUE">UPDATE_DATE_TIME</attalias><attrtype Sync="TRUE">Date</attrtype><attwidth Sync="TRUE">36</attwidth><atprecis Sync="TRUE">0</atprecis><attscale Sync="TRUE">0</attscale></attr><attr><attrlabl Sync="TRUE">UPDATE_TOOL_NAME</attrlabl><attalias Sync="TRUE">UPDATE_TOOL_NAME</attalias><attrtype Sync="TRUE">String</attrtype><attwidth Sync="TRUE">64</attwidth><atprecis Sync="TRUE">0</atprecis><attscale Sync="TRUE">0</attscale></attr><attr><attrlabl Sync="TRUE">UPDATE_OPERATION_TYPE</attrlabl><attalias Sync="TRUE">UPDATE_OPERATION_TYPE</attalias><attrtype Sync="TRUE">String</attrtype><attwidth Sync="TRUE">1</attwidth><atprecis Sync="TRUE">0</atprecis><attscale Sync="TRUE">0</attscale></attr><attr><attrlabl Sync="TRUE">DATA_COMPILER</attrlabl><attalias Sync="TRUE">DATA_COMPILER</attalias><attrtype Sync="TRUE">String</attrtype><attwidth Sync="TRUE">64</attwidth><atprecis Sync="TRUE">0</atprecis><attscale Sync="TRUE">0</attscale></attr><attr><attrlabl Sync="TRUE">DATA_COLLECTION_METHOD</attrlabl><attalias Sync="TRUE">DATA_COLLECTION_METHOD</attalias><attrtype Sync="TRUE">String</attrtype><attwidth Sync="TRUE">64</attwidth><atprecis Sync="TRUE">0</atprecis><attscale Sync="TRUE">0</attscale></attr><attr><attrlabl Sync="TRUE">DATA_COLLECTION_DATE</attrlabl><attalias Sync="TRUE">DATA_COLLECTION_DATE</attalias><attrtype Sync="TRUE">Date</attrtype><attwidth Sync="TRUE">36</attwidth><atprecis Sync="TRUE">0</atprecis><attscale Sync="TRUE">0</attscale></attr><attr><attrlabl Sync="TRUE">OBJECTID</attrlabl><attalias Sync="TRUE">OBJECTID</attalias><attrtype Sync="TRUE">OID</attrtype><attwidth Sync="TRUE">4</attwidth><atprecis Sync="TRUE">10</atprecis><attscale Sync="TRUE">0</attscale><attrdef Sync="TRUE">Internal feature number.</attrdef><attrdefs Sync="TRUE">ESRI</attrdefs><attrdomv><udom Sync="TRUE">Sequential unique whole numbers that are automatically generated.</udom></attrdomv></attr><attr><attrlabl Sync="TRUE">GEOGRAPHIC_INDICATOR</attrlabl><attalias Sync="TRUE">GEOGRAPHIC_INDICATOR</attalias><attrtype Sync="TRUE">SmallInteger</attrtype><attwidth Sync="TRUE">2</attwidth><atprecis Sync="TRUE">5</atprecis><attscale Sync="TRUE">0</attscale></attr><attr><attrlabl Sync="TRUE">SHAPE</attrlabl><attalias Sync="TRUE">SHAPE</attalias><attrtype Sync="TRUE">Geometry</attrtype><attwidth Sync="TRUE">4</attwidth><atprecis Sync="TRUE">0</atprecis><attscale Sync="TRUE">0</attscale><attrdef Sync="TRUE">Feature geometry.</attrdef><attrdefs Sync="TRUE">ESRI</attrdefs><attrdomv><udom Sync="TRUE">Coordinates defining the features.</udom></attrdomv></attr><attr><attrlabl Sync="TRUE">SHAPE.area</attrlabl><attalias Sync="TRUE">SHAPE.area</attalias><attrtype Sync="TRUE">Double</attrtype><attwidth Sync="TRUE">0</attwidth><atprecis Sync="TRUE">0</atprecis><attscale Sync="TRUE">0</attscale></attr><attr><attrlabl Sync="TRUE">SHAPE.len</attrlabl><attalias Sync="TRUE">SHAPE.len</attalias><attrtype Sync="TRUE">Double</attrtype><attwidth Sync="TRUE">0</attwidth><atprecis Sync="TRUE">0</atprecis><attscale Sync="TRUE">0</attscale></attr><subtype><stname Sync="TRUE">Current (40xx)</stname><stcode Sync="TRUE">0</stcode><stfield><stfldnm Sync="TRUE">EVENT_ID</stfldnm><stflddv Sync="TRUE">3900</stflddv></stfield></subtype><subtype><stname Sync="TRUE">Future (4100)</stname><stcode Sync="TRUE">1</stcode><stfield><stfldnm Sync="TRUE">EVENT_ID</stfldnm><stflddv Sync="TRUE">3900</stflddv></stfield></subtype><subtype><stname Sync="TRUE">Historic</stname><stcode Sync="TRUE">2</stcode><stfield><stfldnm Sync="TRUE">EVENT_ID</stfldnm><stflddv Sync="TRUE">3900</stflddv></stfield></subtype></detailed></eainfo><mdDateSt Sync="TRUE">20100831</mdDateSt></metadata>
